<MaterialsLib Name="Default Materials">
	<!-- NOTE: ALWAYS USE UNIQUE MATERIAL NAMES ACROSS MATERIAL LIBRARIES -->
	<!-- IN MODEL MATERIALS DEFINITONS USE THEN ONLY MaterialRef TAG -->
	<Material Name="PaintedMetal_Yellow">
		<Parameter Name="Technique">MESH</Parameter>
		<Parameter Name="ColorMetalTexture">Textures\Models\Cubes\PaintedMetalYellow_cm.dds</Parameter>
		<Parameter Name="NormalGlossTexture">Textures\Models\Cubes\PaintedMetalColorable_ng.dds</Parameter>
	</Material>
	<Material Name="PaintedMetal_Darker">
		<Parameter Name="Technique">MESH</Parameter>
		<Parameter Name="ColorMetalTexture">Textures\Models\Cubes\PaintedMetalDarker_cm.dds</Parameter>
		<Parameter Name="NormalGlossTexture">Textures\Models\Cubes\PaintedMetalColorable_ng.dds</Parameter>
	</Material>
	<Material Name="PaintedMetal_VeryDark">
		<Parameter Name="Technique">MESH</Parameter>
		<Parameter Name="ColorMetalTexture">Textures\Models\Cubes\PaintedMetal_VeryDark_cm.dds</Parameter>
		<Parameter Name="NormalGlossTexture">Textures\Models\Cubes\PaintedMetalColorable_ng.dds</Parameter>
	</Material>
	<Material Name="PaintedMetal_Colorable">
		<Parameter Name="Technique">MESH</Parameter>
		<Parameter Name="ColorMetalTexture">Textures\Models\Cubes\PaintedMetalColorable_cm.dds</Parameter>
		<Parameter Name="NormalGlossTexture">Textures\Models\Cubes\PaintedMetalColorable_ng.dds</Parameter>
		<Parameter Name="AddMapsTexture">Textures\Models\Cubes\PaintedMetalColorable_add.dds</Parameter>
	</Material>
	<Material Name="PaintedMetal_Clean">
		<Parameter Name="Technique">MESH</Parameter>
		<Parameter Name="ColorMetalTexture">Textures\Models\Cubes\PaintedMetal_Clean_cm.dds</Parameter>
		<Parameter Name="NormalGlossTexture">Textures\Models\Cubes\PaintedMetal_Clean_ng.dds</Parameter>
		<Parameter Name="AddMapsTexture">Textures\Models\Cubes\PaintedMetal_Clean_add.dds</Parameter>
	</Material>
	<Material Name="PaintedMetalColorableGlossy">
		<Parameter Name="Technique">MESH</Parameter>
		<Parameter Name="ColorMetalTexture">Textures\Models\Cubes\PaintedMetalColorableGlossy_cm.dds</Parameter>
		<Parameter Name="NormalGlossTexture">Textures\Models\Cubes\PaintedMetalColorableGlossy_ng.dds</Parameter>
		<Parameter Name="AddMapsTexture">Textures\Models\Cubes\PaintedMetalColorableGlossy_add.dds</Parameter>
	</Material>
	<Material Name="PaintedMetalScratched_Colorable">
		<Parameter Name="Technique">MESH</Parameter>
		<Parameter Name="ColorMetalTexture">Textures\Models\Cubes\PaintedMetalColorable_cm.dds</Parameter>
		<Parameter Name="NormalGlossTexture">Textures\Models\Cubes\PaintedMetalColorable_ng.dds</Parameter>
		<Parameter Name="AddMapsTexture">Textures\Models\Cubes\PaintedMetalColorable_add.dds</Parameter>
		<!-- <Parameter Name="ColorMetalTexture">Textures\Models\Cubes\PaintedMetalScratchedColorable_cm.dds</Parameter>
		<Parameter Name="NormalGlossTexture">Textures\Models\Cubes\PaintedMetalScratchedColorable_ng.dds</Parameter>
		<Parameter Name="AddMapsTexture">Textures\Models\Cubes\PaintedMetalScratchedColorable_add.dds</Parameter> -->
	</Material>

	<Material Name="PaintedMetalScratched_Darker">
		<Parameter Name="Technique">MESH</Parameter>
		<Parameter Name="ColorMetalTexture">Textures\Models\Cubes\PaintedMetalDarker_cm.dds</Parameter>
		<Parameter Name="NormalGlossTexture">Textures\Models\Cubes\PaintedMetalColorable_ng.dds</Parameter>
		<!-- <Parameter Name="ColorMetalTexture">Textures\Models\Cubes\PaintedMetalScratchedDarker_cm.dds</Parameter>
		<Parameter Name="NormalGlossTexture">Textures\Models\Cubes\PaintedMetalScratchedColorable_ng.dds</Parameter> -->
	</Material>
	<Material Name="PaintedMetalScratched_VeryDark">
		<Parameter Name="Technique">MESH</Parameter>
		<Parameter Name="ColorMetalTexture">Textures\Models\Cubes\PaintedMetal_VeryDark_cm.dds</Parameter>
		<Parameter Name="NormalGlossTexture">Textures\Models\Cubes\PaintedMetalColorable_ng.dds</Parameter>
		<!-- <Parameter Name="ColorMetalTexture">Textures\Models\Cubes\PaintedMetalScratched_VeryDark_cm.dds</Parameter>
		<Parameter Name="NormalGlossTexture">Textures\Models\Cubes\PaintedMetalScratchedColorable_ng.dds</Parameter> -->
	</Material>
	<Material Name="PaintedMetalScratched_Yellow">
		<Parameter Name="Technique">MESH</Parameter>
		<Parameter Name="ColorMetalTexture">Textures\Models\Cubes\PaintedMetalYellow_cm.dds</Parameter>
		<Parameter Name="NormalGlossTexture">Textures\Models\Cubes\PaintedMetalColorable_ng.dds</Parameter>
		<!-- <Parameter Name="ColorMetalTexture">Textures\Models\Cubes\PaintedMetalScratchedYellow_cm.dds</Parameter>
		<Parameter Name="NormalGlossTexture">Textures\Models\Cubes\PaintedMetalScratchedColorable_ng.dds</Parameter> -->
	</Material>
	<Material Name="ExhaustPipe">
		<Parameter Name="Technique">MESH</Parameter>
		<Parameter Name="ColorMetalTexture">Textures\Models\Cubes\BurnedMetal_cm.dds</Parameter>
		<Parameter Name="NormalGlossTexture">Textures\Models\Cubes\BurnedMetal_ng.dds</Parameter>
	</Material>
	<Material Name="ThrusterCones">
		<Parameter Name="Technique">MESH</Parameter>
		<Parameter Name="ColorMetalTexture">Textures\Models\Cubes\ThrusterCones_cm.dds</Parameter>
		<Parameter Name="NormalGlossTexture">Textures\Models\Cubes\ThrusterCones_ng.dds</Parameter>
	</Material>
	<Material Name="BlackMetal">
		<Parameter Name="Technique">MESH</Parameter>
		<Parameter Name="ColorMetalTexture">Textures\Models\Cubes\BlackMetal_cm.dds</Parameter>
		<Parameter Name="NormalGlossTexture">Textures\Models\Cubes\BlackMetal_ng.dds</Parameter>
	</Material>
	<Material Name="BlueFrostedMetal">
		<Parameter Name="Technique">MESH</Parameter>
		<Parameter Name="ColorMetalTexture">Textures\Models\Cubes\BlueFrostedMetal_cm.dds</Parameter>
		<Parameter Name="NormalGlossTexture">Textures\Models\Cubes\BlueFrostedMetal_ng.dds</Parameter>
	</Material>
	<Material Name="Metal_Dull">
		<Parameter Name="Technique">MESH</Parameter>
		<Parameter Name="ColorMetalTexture">Textures\Models\Cubes\Aluminium_cm.dds</Parameter>
		<Parameter Name="NormalGlossTexture">Textures\Models\Cubes\AluminiumDull_ng.dds</Parameter>
	</Material>
	<Material Name="Metal_Shiny">
		<Parameter Name="Technique">MESH</Parameter>
		<Parameter Name="ColorMetalTexture">Textures\Models\Cubes\Aluminium_cm.dds</Parameter>
		<Parameter Name="NormalGlossTexture">Textures\Models\Cubes\AluminiumGlossy_ng.dds</Parameter>
	</Material>
	<Material Name="RustyMetal">
		<Parameter Name="Technique">MESH</Parameter>
		<Parameter Name="ColorMetalTexture">Textures\Models\Cubes\RustyMetal_cm.dds</Parameter>
		<Parameter Name="NormalGlossTexture">Textures\Models\Cubes\RustyMetal_ng.dds</Parameter>
	</Material>
	<Material Name="RustyMetalScratched">
		<Parameter Name="Technique">MESH</Parameter>
		<Parameter Name="ColorMetalTexture">Textures\Models\Cubes\RustyMetalScratched_cm.dds</Parameter>
		<Parameter Name="NormalGlossTexture">Textures\Models\Cubes\RustyMetalScratched_ng.dds</Parameter>
	</Material>
	<Material Name="TextAtlas">
		<Parameter Name="Technique">DECAL</Parameter>
		<Parameter Name="ColorMetalTexture">Textures\Models\Cubes\TextAtlas_cm.dds</Parameter>
		<Parameter Name="NormalGlossTexture">Textures\Models\Cubes\TextAtlas_ng.dds</Parameter>
		<Parameter Name="AddMapsTexture">Textures\Models\Cubes\TextAtlas_add.dds</Parameter>
		<Parameter Name="AlphamaskTexture">Textures\Models\Cubes\TextAtlas_alphamask.dds</Parameter>
	</Material>
	<Material Name="TextureAtlas">
		<Parameter Name="Technique">MESH</Parameter>
		<Parameter Name="ColorMetalTexture">Textures\Models\Cubes\TextureAtlas_cm.dds</Parameter>
		<Parameter Name="NormalGlossTexture">Textures\Models\Cubes\TextureAtlas_ng.dds</Parameter>
		<Parameter Name="AddMapsTexture">Textures\Models\Cubes\TextureAtlas_add.dds</Parameter>
	</Material>
	<Material Name="Terminal">
		<Parameter Name="Technique">MESH</Parameter>
		<Parameter Name="ColorMetalTexture">Textures\Models\Cubes\terminal_panel_cm.dds</Parameter>
		<Parameter Name="NormalGlossTexture">Textures\Models\Cubes\terminal_panel_ng.dds</Parameter>
		<Parameter Name="AddMapsTexture">Textures\Models\Cubes\terminal_panel_add.dds</Parameter>
	</Material>
	<Material Name="Conveyor">
		<Parameter Name="Technique">MESH</Parameter>
		<Parameter Name="ColorMetalTexture">Textures\Models\Cubes\Conveyor_cm.dds</Parameter>
		<Parameter Name="NormalGlossTexture">Textures\Models\Cubes\Conveyor_ng.dds</Parameter>
		<Parameter Name="AddMapsTexture">Textures\Models\Cubes\Conveyor_add.dds</Parameter>
	</Material>
	<Material Name="Conveyor_Yellow">
		<Parameter Name="Technique">MESH</Parameter>
		<Parameter Name="ColorMetalTexture">Textures\Models\Cubes\ConveyorYellow_cm.dds</Parameter>
		<Parameter Name="NormalGlossTexture">Textures\Models\Cubes\Conveyor_ng.dds</Parameter>
		<Parameter Name="AddMapsTexture">Textures\Models\Cubes\Conveyor_add.dds</Parameter>
	</Material>
	<Material Name="Doodads">
		<Parameter Name="Technique">MESH</Parameter>
		<Parameter Name="ColorMetalTexture">Textures\Models\Cubes\Doodads_cm.dds</Parameter>
		<Parameter Name="NormalGlossTexture">Textures\Models\Cubes\Doodads_ng.dds</Parameter>
		<Parameter Name="AddMapsTexture">Textures\Models\Cubes\Doodads_add.dds</Parameter>
	</Material>
	<Material Name="Chrome">
		<Parameter Name="Technique">MESH</Parameter>
		<Parameter Name="ColorMetalTexture">Textures\Models\Cubes\Chrome_cm.dds</Parameter>
		<Parameter Name="NormalGlossTexture">Textures\Models\Cubes\Chrome_ng.dds</Parameter>
	</Material>
	<Material Name="Construction">
		<Parameter Name="Technique">MESH</Parameter>
		<Parameter Name="ColorMetalTexture">Textures\Models\Cubes\Chrome_cm.dds</Parameter>
		<Parameter Name="NormalGlossTexture">Textures\Models\Cubes\Chrome_ng.dds</Parameter>
	</Material>
	<Material Name="CameraLens">
		<Parameter Name="Technique">MESH</Parameter>
		<Parameter Name="ColorMetalTexture">Textures\Models\Cubes\CameraLens_cm.dds</Parameter>
		<Parameter Name="NormalGlossTexture">Textures\Models\Cubes\CameraLens_ng.dds</Parameter>
	</Material>
	<Material Name="Rubber">
		<Parameter Name="Technique">MESH</Parameter>
		<Parameter Name="ColorMetalTexture">Textures\Models\Cubes\Rubber_cm.dds</Parameter>
		<Parameter Name="NormalGlossTexture">Textures\Models\Cubes\Rubber_ng.dds</Parameter>
	</Material>
	<Material Name="RubberDry">
		<Parameter Name="Technique">MESH</Parameter>
		<Parameter Name="ColorMetalTexture">Textures\Models\Cubes\RubberDry_cm.dds</Parameter>
		<Parameter Name="NormalGlossTexture">Textures\Models\Cubes\RubberDry_ng.dds</Parameter>
	</Material>
	<Material Name="RubberScratched">
		<Parameter Name="Technique">MESH</Parameter>
		<Parameter Name="ColorMetalTexture">Textures\Models\Cubes\RubberScratched_cm.dds</Parameter>
		<Parameter Name="NormalGlossTexture">Textures\Models\Cubes\RubberScratched_ng.dds</Parameter>
	</Material>
	<Material Name="RubberWheels">
		<Parameter Name="Technique">MESH</Parameter>
		<Parameter Name="ColorMetalTexture">Textures\Models\Cubes\RubberWheels_cm.dds</Parameter>
		<Parameter Name="NormalGlossTexture">Textures\Models\Cubes\RubberWheels_ng.dds</Parameter>
	</Material>
	<Material Name="RubberWheelsScratched">
		<Parameter Name="Technique">MESH</Parameter>
		<Parameter Name="ColorMetalTexture">Textures\Models\Cubes\RubberWheelsScratched_cm.dds</Parameter>
		<Parameter Name="NormalGlossTexture">Textures\Models\Cubes\RubberWheelsScratched_ng.dds</Parameter>
	</Material>
	<Material Name="Emissive">
		<Parameter Name="Technique">MESH</Parameter>
		<Parameter Name="ColorMetalTexture">Textures\Models\Cubes\EmissiveAtlas_cm.dds</Parameter>
		<Parameter Name="NormalGlossTexture">Textures\Models\Cubes\EmissiveAtlas_ng.dds</Parameter>
		<Parameter Name="AddMapsTexture">Textures\Models\Cubes\EmissiveAtlas_add.dds</Parameter>
	</Material>	
	<Material Name="Emissive0">
		<Parameter Name="Technique">MESH</Parameter>
		<Parameter Name="ColorMetalTexture">Textures\Models\Cubes\EmissiveAtlas_cm.dds</Parameter>
		<Parameter Name="NormalGlossTexture">Textures\Models\Cubes\EmissiveAtlas_ng.dds</Parameter>
		<Parameter Name="AddMapsTexture">Textures\Models\Cubes\EmissiveAtlas0_add.dds</Parameter>
	</Material>
	<Material Name="Emissive1">
		<Parameter Name="Technique">MESH</Parameter>
		<Parameter Name="ColorMetalTexture">Textures\Models\Cubes\EmissiveAtlas_cm.dds</Parameter>
		<Parameter Name="NormalGlossTexture">Textures\Models\Cubes\EmissiveAtlas_ng.dds</Parameter>
		<Parameter Name="AddMapsTexture">Textures\Models\Cubes\EmissiveAtlas0_add.dds</Parameter>
	</Material>
	<Material Name="Emissive2">
		<Parameter Name="Technique">MESH</Parameter>
		<Parameter Name="ColorMetalTexture">Textures\Models\Cubes\EmissiveAtlas_cm.dds</Parameter>
		<Parameter Name="NormalGlossTexture">Textures\Models\Cubes\EmissiveAtlas_ng.dds</Parameter>
		<Parameter Name="AddMapsTexture">Textures\Models\Cubes\EmissiveAtlas0_add.dds</Parameter>
	</Material>
	<Material Name="Emissive3">
		<Parameter Name="Technique">MESH</Parameter>
		<Parameter Name="ColorMetalTexture">Textures\Models\Cubes\EmissiveAtlas_cm.dds</Parameter>
		<Parameter Name="NormalGlossTexture">Textures\Models\Cubes\EmissiveAtlas_ng.dds</Parameter>
		<Parameter Name="AddMapsTexture">Textures\Models\Cubes\EmissiveAtlas0_add.dds</Parameter>
	</Material>
	<Material Name="Emissive4">
		<Parameter Name="Technique">MESH</Parameter>
		<Parameter Name="ColorMetalTexture">Textures\Models\Cubes\EmissiveAtlas_cm.dds</Parameter>
		<Parameter Name="NormalGlossTexture">Textures\Models\Cubes\EmissiveAtlas_ng.dds</Parameter>
		<Parameter Name="AddMapsTexture">Textures\Models\Cubes\EmissiveAtlas0_add.dds</Parameter>
	</Material>
	<Material Name="EmissiveAtlas0">
		<Parameter Name="Technique">MESH</Parameter>
		<Parameter Name="ColorMetalTexture">Textures\Models\Cubes\EmissiveAtlas_cm.dds</Parameter>
		<Parameter Name="NormalGlossTexture">Textures\Models\Cubes\EmissiveAtlas_ng.dds</Parameter>
		<Parameter Name="AddMapsTexture">Textures\Models\Cubes\EmissiveAtlas0_add.dds</Parameter>
	</Material>
	<Material Name="EmissiveAtlas">
		<Parameter Name="Technique">MESH</Parameter>
		<Parameter Name="ColorMetalTexture">Textures\Models\Cubes\EmissiveAtlas_cm.dds</Parameter>
		<Parameter Name="NormalGlossTexture">Textures\Models\Cubes\EmissiveAtlas_ng.dds</Parameter>
		<Parameter Name="AddMapsTexture">Textures\Models\Cubes\EmissiveAtlas_add.dds</Parameter>
	</Material>
	<Material Name="Decals">
		<Parameter Name="Technique">DECAL</Parameter>
		<Parameter Name="ColorMetalTexture">Textures\Models\Cubes\Decals_Atlas_A_01_cm.dds</Parameter>
		<Parameter Name="NormalGlossTexture">Textures\Models\Cubes\Decals_Atlas_A_01_ng.dds</Parameter>
		<Parameter Name="AddMapsTexture">Textures\Models\Cubes\Decals_Atlas_A_01_add.dds</Parameter>
		<Parameter Name="AlphamaskTexture">Textures\Models\Cubes\Decals_Atlas_A_01_alphamask.dds</Parameter>
	</Material>
	<Material Name="PanelingColorable">
		<Parameter Name="Technique">DECAL</Parameter>
		<Parameter Name="ColorMetalTexture">Textures\Models\Cubes\Decals_Atlas_A_01_cm.dds</Parameter>
		<Parameter Name="NormalGlossTexture">Textures\Models\Cubes\Decals_Atlas_A_01_ng.dds</Parameter>
		<Parameter Name="AddMapsTexture">Textures\Models\Cubes\Decals_Atlas_A_01_add.dds</Parameter>
		<Parameter Name="AlphamaskTexture">Textures\Models\Cubes\Decals_Atlas_A_01_alphamask.dds</Parameter>
	</Material>
	<Material Name="PanelingDarker">
		<Parameter Name="Technique">DECAL</Parameter>
		<Parameter Name="ColorMetalTexture">Textures\Models\Cubes\Decals_Atlas_A_02_cm.dds</Parameter>
		<Parameter Name="NormalGlossTexture">Textures\Models\Cubes\Decals_Atlas_A_01_ng.dds</Parameter>
		<Parameter Name="AddMapsTexture">Textures\Models\Cubes\Decals_Atlas_A_02_add.dds</Parameter>
		<Parameter Name="AlphamaskTexture">Textures\Models\Cubes\Decals_Atlas_A_01_alphamask.dds</Parameter>
	</Material>
	<Material Name="BlackMattePlastic">
		<Parameter Name="Technique">MESH</Parameter>
		<Parameter Name="ColorMetalTexture">Textures\Models\Cubes\BlackMattePlastic_cm.dds</Parameter>
		<Parameter Name="NormalGlossTexture">Textures\Models\Cubes\BlackMattePlastic_ng.dds</Parameter>
	</Material>
	<Material Name="SolarPanel">
		<Parameter Name="Technique">MESH</Parameter>
		<Parameter Name="ColorMetalTexture">Textures\Models\Cubes\SolarPanel_cm.dds</Parameter>
		<Parameter Name="NormalGlossTexture">Textures\Models\Cubes\SolarPanel_ng.dds</Parameter>
	</Material>
	<Material Name="HydrogenThrusterNozzle">
		<Parameter Name="Technique">MESH</Parameter>
		<Parameter Name="ColorMetalTexture">Textures\Models\Cubes\HydrogenThrusterNozzle_cm.dds</Parameter>
		<Parameter Name="NormalGlossTexture">Textures\Models\Cubes\HydrogenThrusterNozzle_ng.dds</Parameter>
		<Parameter Name="AddMapsTexture">Textures\Models\Cubes\HydrogenThrusterNozzle_add.dds</Parameter>
	</Material>
	<Material Name="ProgrammingBlock">
		<Parameter Name="Technique">MESH</Parameter>
		<Parameter Name="DiffuseTexture">Textures\Models\Cubes\ProgramingBlock_me.dds</Parameter>
		<Parameter Name="ColorMetalTexture">Textures\Models\Cubes\ProgramingBlock_cm.dds</Parameter>
		<Parameter Name="NormalGlossTexture">Textures\Models\Cubes\ProgramingBlock_ng.dds</Parameter>
		<Parameter Name="AddMapsTexture">Textures\Models\Cubes\ProgramingBlock_add.dds</Parameter>
	</Material>
	<Material Name="Armor_construction">
		<Parameter Name="Technique">MESH</Parameter>
		<Parameter Name="ColorMetalTexture">Textures\Models\Cubes\armor\light_armor_construction_cm.dds</Parameter>
		<Parameter Name="NormalGlossTexture">Textures\Models\Cubes\armor\light_armor_construction_ng.dds</Parameter>
		<Parameter Name="AddMapsTexture">Textures\Models\Cubes\armor\light_armor_construction_add.dds</Parameter>
	</Material>
	<Material Name="GlassInside">
		<Parameter Name="Technique">GLASS</Parameter>
	</Material>
	<Material Name="GlassOutside">
		<Parameter Name="Technique">GLASS</Parameter>
	</Material>
	<Material Name="CockpitSmall">
		<Parameter Name="Technique">MESH</Parameter>
		<Parameter Name="ColorMetalTexture">Textures\Models\Cubes\cockpit_small_cm.dds</Parameter>
		<Parameter Name="NormalGlossTexture">Textures\Models\Cubes\cockpit_small_ng.dds</Parameter>
		<Parameter Name="AddMapsTexture">Textures\Models\Cubes\cockpit_small_add.dds</Parameter>
	</Material>
	<Material Name="CockpitLarge">
		<Parameter Name="Technique">MESH</Parameter>
		<Parameter Name="ColorMetalTexture">Textures\Models\Cubes\large_cockpit_cm.dds</Parameter>
		<Parameter Name="NormalGlossTexture">Textures\Models\Cubes\large_cockpit_ng.dds</Parameter>
		<Parameter Name="AddMapsTexture">Textures\Models\Cubes\large_cockpit_add.dds</Parameter>
	</Material>
	<Material Name="Cockpit">
		<Parameter Name="Technique">MESH</Parameter>
		<Parameter Name="ColorMetalTexture">Textures\Models\Cubes\cockpit_exterior_cm.dds</Parameter>
		<Parameter Name="NormalGlossTexture">Textures\Models\Cubes\cockpit_exterior_ng.dds</Parameter>
		<Parameter Name="AddMapsTexture">Textures\Models\Cubes\cockpit_exterior_add.dds</Parameter>
	</Material>
	<Material Name="CockpitScreen_01">
		<Parameter Name="Technique">MESH</Parameter>
	</Material>
	<Material Name="CockpitScreen_02">
		<Parameter Name="Technique">MESH</Parameter>
	</Material>
	<Material Name="CockpitScreen_03">
		<Parameter Name="Technique">MESH</Parameter>
	</Material>
	<Material Name="CockpitScreen_04">
		<Parameter Name="Technique">MESH</Parameter>
	</Material>
	<Material Name="CockpitScreen_05">
		<Parameter Name="Technique">MESH</Parameter>
	</Material>
	<Material Name="CockpitScreen_06">
		<Parameter Name="Technique">MESH</Parameter>
	</Material>
	<Material Name="CockpitScreen_07">
		<Parameter Name="Technique">MESH</Parameter>
	</Material>
	<Material Name="CockpitScreen_08">
		<Parameter Name="Technique">MESH</Parameter>
	</Material>
	<Material Name="CockpitScreen_09">
		<Parameter Name="Technique">MESH</Parameter>
	</Material>
	<Material Name="CockpitScreen_10">
		<Parameter Name="Technique">MESH</Parameter>
	</Material>
	<Material Name="ScreenArea">
		<Parameter Name="Technique">MESH</Parameter>
		<Parameter Name="ColorMetalTexture">Textures\Models\Cubes\ScreenArea_cm.dds</Parameter>
		<Parameter Name="NormalGlossTexture">Textures\Models\Cubes\ScreenArea_ng.dds</Parameter>
	</Material>
	<Material Name="IngotsAtlas">
		<Parameter Name="Technique">ALPHA_MASKED</Parameter>
		<Parameter Name="ColorMetalTexture">Textures\Models\Physical_item\ingots_cm.dds</Parameter>
		<Parameter Name="NormalGlossTexture">Textures\Models\Physical_item\ingots_ng.dds</Parameter>
		<Parameter Name="AlphamaskTexture">Textures\Models\Physical_item\ingots_alphamask.dds</Parameter>
	</Material>
	<Material Name="InteriorWall">
		<Parameter Name="Technique">MESH</Parameter>
		<Parameter Name="ColorMetalTexture">Textures\Models\Cubes\armor\InteriorWall_cm.dds</Parameter>
		<Parameter Name="NormalGlossTexture">Textures\Models\Cubes\armor\InteriorWall_ng.dds</Parameter>
		<Parameter Name="AddMapsTexture">Textures\Models\Cubes\armor\InteriorWall_add.dds</Parameter>
	</Material>
		<Material Name="EmissiveSpotlight">
		<Parameter Name="Technique">MESH</Parameter>
		<Parameter Name="ColorMetalTexture">Textures\Models\Cubes\Aluminium_cm.dds</Parameter>
		<Parameter Name="NormalGlossTexture">Textures\Models\Cubes\AluminiumDull_ng.dds</Parameter>
	</Material>
</MaterialsLib>